{"initial_reset_timestamp": 1569603079.6649501, "timestamps": [1569603080.7146125, 1569603081.5145109, 1569603082.8451252, 1569603083.8562965, 1569603084.9415658, 1569603085.888689, 1569603087.0165417, 1569603088.0954785, 1569603089.2597718, 1569603090.41712, 1569603094.9251509, 1569603132.412154, 1569603173.358669, 1569603214.969565, 1569603252.4861367, 1569603296.984523, 1569603332.7106373, 1569603377.1286309, 1569603417.0994694, 1569603459.0372982, 1569603503.6893554, 1569603553.1270971, 1569603590.5162923, 1569603629.851553, 1569603670.8193483, 1569603710.0921435, 1569603753.1542277, 1569603791.0263333, 1569603839.7013962, 1569603881.0320523, 1569603920.3514016, 1569603979.1965501, 1569604020.3464613, 1569604066.1865485, 1569604101.1409228, 1569604139.6780372, 1569604185.9287724, 1569604243.0772638, 1569604288.9245281, 1569604338.3809388, 1569604389.7823496, 1569604437.2680235, 1569604473.3417053, 1569604516.7838366, 1569604554.8195617, 1569604600.9292536, 1569604637.3115387, 1569604673.711784, 1569604729.9282022, 1569604771.3859386, 1569604819.5543618, 1569604868.668214, 1569604906.4930952, 1569604945.043087, 1569604991.446966, 1569605055.2564147, 1569605103.297917, 1569605142.7465847, 1569605190.8634276, 1569605231.2359, 1569605274.1874661, 1569605313.27815, 1569605356.8427167, 1569605411.7447484, 1569605458.9855907, 1569605514.500115, 1569605566.2570639, 1569605623.8095782, 1569605697.8894687, 1569605754.108808, 1569605815.2851408, 1569605855.0973475, 1569605909.1012063, 1569605988.8958652, 1569606045.8551252, 1569606090.1977224, 1569606147.7456117, 1569606215.8825905, 1569606286.6645672, 1569606356.4851031, 1569606421.616477, 1569606492.2141793, 1569606569.0943716, 1569606648.836426, 1569606727.3562675, 1569606800.303007, 1569606882.059266, 1569606984.4961426, 1569607072.9038174, 1569607139.5674574, 1569607220.4236836, 1569607287.1731722, 1569607376.1502857, 1569607445.6228497, 1569607542.3789713, 1569607652.387843, 1569607756.1559036, 1569607856.1044426, 1569608044.7997055, 1569608187.5650063, 1569608292.1399348, 1569608455.7845917, 1569608560.2537274, 1569608684.092378, 1569608796.8068743, 1569608937.9489913, 1569609061.2340987, 1569609208.9689093, 1569609329.2267866, 1569609443.5607295, 1569609535.075412, 1569609649.2709672, 1569609737.8515313, 1569609845.8953378, 1569609938.0551448, 1569610035.7610266, 1569610140.0175052, 1569610232.8704884, 1569610333.57955, 1569610428.4665112, 1569610524.0772943, 1569610627.3676722, 1569610758.2451735, 1569610863.4470525, 1569610976.197936, 1569611096.25972, 1569611186.8760283, 1569611318.3314822, 1569611475.536683, 1569611548.2527394, 1569611674.9849968, 1569611817.2937007, 1569611958.0001254, 1569612073.2204704, 1569612199.7060592, 1569612299.4828687, 1569612435.3359091, 1569612581.838142, 1569612713.7594414, 1569612874.0312896, 1569613017.06995, 1569613147.030567, 1569613307.676942, 1569613422.6694727, 1569613531.5791543, 1569613654.5994375, 1569613801.6441283, 1569614000.7204194, 1569614150.2223577, 1569614310.237219, 1569614452.9585955, 1569614598.6236005, 1569614786.6915257, 1569614948.4396954, 1569615107.9718053, 1569615240.19141, 1569615404.969736, 1569615487.0088372, 1569615642.747554, 1569615863.4435856, 1569616026.916499, 1569616203.0755932, 1569616381.6762235, 1569616546.4472375, 1569616685.947248, 1569616747.9899592, 1569616932.220078, 1569617128.3088045, 1569617318.8465154, 1569617494.1238, 1569617685.7291167, 1569617855.6406744, 1569618010.4797366, 1569618175.0859392, 1569618331.4040496, 1569618472.689969, 1569618626.4356194, 1569618779.044376, 1569618901.2407708, 1569619028.294644, 1569619203.0785625, 1569619335.901691, 1569619458.3733585, 1569619558.0650947, 1569619713.7475781, 1569619834.2379375, 1569619941.686278, 1569620042.706123, 1569620170.287428, 1569620249.4364529, 1569620334.2346158, 1569620459.3713303, 1569620576.0219321, 1569620710.842561, 1569620818.7381277, 1569620921.8193278, 1569621037.7738101, 1569621183.0410955, 1569621278.568322, 1569621361.2572963, 1569621501.6304803, 1569621606.481406, 1569621727.497065, 1569621824.9300008, 1569621969.8757782, 1569622076.4169214, 1569622196.6818638, 1569622306.9055893, 1569622407.2543788, 1569622497.206803, 1569622589.8865523, 1569622719.6783366, 1569622809.289362, 1569622902.036316, 1569623002.5000834, 1569623094.4580286, 1569623187.1978576, 1569623301.8394473, 1569623404.5223184, 1569623507.8199604, 1569623613.1612957, 1569623703.2075233, 1569623785.836614, 1569623898.0544488, 1569623991.5468016, 1569624077.4013262, 1569624185.943261, 1569624276.012217, 1569624358.6302533, 1569624491.7026632, 1569624583.5545557, 1569624673.6860945, 1569624780.1013877, 1569624871.4832199, 1569624953.6572287, 1569625053.608914, 1569625164.6889095, 1569625244.9238188, 1569625338.488389, 1569625433.863036, 1569625546.5682898, 1569625629.2435808, 1569625718.5195417, 1569625804.5247614, 1569625895.0228002, 1569625984.1524196, 1569626070.1916933, 1569626171.0130198, 1569626267.3808775, 1569626352.0365443, 1569626436.0997279, 1569626547.1460328, 1569626631.3509486, 1569626720.0144725, 1569626821.7679987, 1569626908.5537539, 1569627030.8113859, 1569627114.0670247, 1569627220.0593276, 1569627309.9036295, 1569627418.0401795, 1569627503.038819, 1569627604.7541537, 1569627706.837593, 1569627799.6455028, 1569627912.1887412, 1569627997.4967759, 1569628080.1212785, 1569628169.0055752, 1569628266.8578491, 1569628366.9816673, 1569628448.09663, 1569628530.7420583, 1569628622.0826507, 1569628720.939987, 1569628820.3117824, 1569628904.2214065, 1569628990.3489618, 1569629076.1319163, 1569629184.5788624, 1569629275.2254808, 1569629381.7710855, 1569629468.8111959, 1569629554.6256208, 1569629662.731897, 1569629775.6230779, 1569629877.2689793, 1569629960.490603, 1569630041.966004, 1569630125.053564, 1569630213.564219, 1569630309.3931715, 1569630393.8994598, 1569630483.0378773, 1569630568.1343038, 1569630650.0931542, 1569630735.8343801, 1569630818.482006, 1569630903.102827, 1569630992.5313745, 1569631080.634363, 1569631170.9560268, 1569631261.569725, 1569631346.4015715, 1569631430.3738012, 1569631522.184774, 1569631615.5410807, 1569631742.091532, 1569631846.1195633, 1569631933.8536086, 1569632035.278924, 1569632135.5947123, 1569632223.9610064, 1569632305.4259164, 1569632393.3573956, 1569632489.576137, 1569632596.2236435, 1569632686.9760811, 1569632767.4904408, 1569632856.76577, 1569632955.5119214, 1569633042.4723039, 1569633125.2296538, 1569633219.1259072, 1569633303.0947723, 1569633384.8925874, 1569633481.0513797, 1569633587.1450047, 1569633684.232372, 1569633781.5787692, 1569633877.239916, 1569633960.6216688, 1569634044.2915845, 1569634140.2434661, 1569634236.9991417, 1569634322.1981175, 1569634424.0764503, 1569634505.1368744, 1569634588.8140604, 1569634671.7073, 1569634755.5555165, 1569634868.09975, 1569634956.6936498, 1569635056.9862301, 1569635148.8265333, 1569635238.7984712, 1569635331.78305, 1569635422.427733, 1569635504.145945, 1569635587.0267828, 1569635671.1497858, 1569635760.7653568, 1569635843.1775556, 1569635933.4872806, 1569636046.1022074, 1569636144.9052076, 1569636229.2135065, 1569636311.5245032, 1569636395.7235665, 1569636487.6732633, 1569636572.3064003, 1569636668.3360965, 1569636773.3076813, 1569636870.9195216, 1569636962.5587096, 1569637044.7368023, 1569637135.938759, 1569637226.7784908, 1569637323.0123417, 1569637412.865335, 1569637499.1500487, 1569637592.3153255, 1569637694.1009748, 1569637799.3160365, 1569637890.4980018, 1569637971.5235834, 1569638056.5881858, 1569638150.6202705, 1569638233.722693, 1569638320.915265, 1569638416.532917, 1569638500.4473262, 1569638581.8712938, 1569638703.1090028, 1569638791.1899316, 1569638886.5950732, 1569638973.347854, 1569639074.3148658, 1569639158.9496236, 1569639247.4414797, 1569639334.501091, 1569639420.073091, 1569639500.515921, 1569639592.6419144, 1569639716.7533386, 1569639798.2082467, 1569639880.923344, 1569639961.1664388, 1569640049.5671637, 1569640138.2869189, 1569640222.429918, 1569640303.2446244, 